{
  "author": "",
  "name": "device-node-red-plugin",
  "version": "1.0.3",
  "description": "Plugin to deploy node red flows on devices",
  "license": "ISC",
  "keywords": [],
  "contextPath": "device-node-red-plugin",
  "key": "device-node-red-plugin-application-key",
  "globalTitle": "Plugin to deploy node red flows on devices",
  "tabsHorizontal": true,
  "isPackage": true,
  "noAppSwitcher": true,
  "package": "plugin",
  "exports": [
    {
      "name": "Device node red plugin",
      "module": "NodeRedDeviceModule",
      "path": "./src/node-red-device.module.ts",
      "description": "Plugin to deploy node red flows on devices"
    }
  ],
  "remotes": {
    "node-red-device-plugin": [
      "NodeRedDeviceModule"
    ]
  }
}